"id","campus_id","name","surname","username","email","telephone","roles","password","actif","url_photo"
"2109","101","Leleu","Éric","lebon.christine","vblin@neveu.com","08 92 20 41 37","[""ROLE_USER""]","47c17b38ee9f98a00041878308fbe716cbe91e35e9d099285537dfd2c44b5b88","0","https://via.placeholder.com/640x480.png/006666?text=suscipit"
"2110","104","Ruiz","Gérard","margot.carpentier","emilie25@lebon.net","+33 4 37 10 92 64","[""ROLE_USER""]","9e3af5438dbc4cc9c9b7610c136c087522b455bee54af037f44e5a0719facecc","1","https://via.placeholder.com/640x480.png/0099aa?text=quae"
"2111","103","Lacroix","Pierre","leon.bonneau","martel.christiane@hotmail.fr","03 14 64 94 51","[""ROLE_USER""]","38530e0f7a0bf12566b29d71df34e6d996cefd13585f316e712cc01bd602ab68","1","https://via.placeholder.com/640x480.png/001122?text=quae"
"2112","103","Petitjean","Caroline","constance.dacosta","pineau.anais@ifrance.com","+33 4 22 10 67 66","[""ROLE_USER""]","7e9749a541f85c23b30113a82e66f77cb7dd1fdcd1c38f4274b5d40bcd104234","0","https://via.placeholder.com/640x480.png/00cc44?text=quis"
"2113","102","Marie","Dominique","benoit.margot","laurence.laporte@live.com","+33 (0)7 46 81 50 61","[""ROLE_USER""]","61004a98758fc82f33efe6546a0ee13eb54e12a0b02e7c4b7f814db2dd8ce9be","1","https://via.placeholder.com/640x480.png/0033cc?text=sit"
"2114","102","Brun","Sébastien","hcordier","martineau.christelle@baudry.com","09 65 71 89 52","[""ROLE_USER""]","25a8e9e2a85f3fd38c533f5f741116c61b20aa4390393c5b0d757b39b225684e","0","https://via.placeholder.com/640x480.png/00ccff?text=harum"
"2115","105","Daniel","Robert","aurelie.descamps","danielle39@tele2.fr","04 65 38 61 45","[""ROLE_USER""]","c2f4ffa284f2ab39f216783944e4950fe6e4910a8e652198eabd8a4419f2a84a","0","https://via.placeholder.com/640x480.png/008866?text=sunt"
"2116","105","Dufour","Manon","frederique.benoit","lorraine33@laposte.net","+33 4 23 19 40 27","[""ROLE_USER""]","14f1075ecf8060f29f3512d6bb25adbf3a06d6e3c6e991136ee026b756342e8e","1","https://via.placeholder.com/640x480.png/003300?text=nisi"
"2117","102","Gerard","Pénélope","wjoubert","vdufour@wanadoo.fr","+33 (0)1 61 27 52 95","[""ROLE_USER""]","dfae181efd5a9389830f72f5651863fd0f877f21732acf67155ad31d048ce177","0","https://via.placeholder.com/640x480.png/00aa44?text=odio"
"2118","104","Rey","Édith","gilles45","xbouvet@charles.com","07 67 60 96 75","[""ROLE_USER""]","b91b8248a797279d1eb437f4623b1b39d98dfbfc17cb5a32a43f06c897c1a41f","1","https://via.placeholder.com/640x480.png/005522?text=error"
"2119","102","David","Eugène","rbarbier","alexandre.hernandez@laposte.net","0516703351","[""ROLE_USER""]","b3d1f2cb4bbfaa8bf815867a469f355e19d3bf5c743159901a7e093a342d5294","1","https://via.placeholder.com/640x480.png/004400?text=et"
"2120","101","Bazin","William","albert.jean","menard.margaud@perrot.org","+33 8 95 81 29 75","[""ROLE_USER""]","9ad027ce47f537bd05f996d7b67924d1d323cde7d46d602c5299fd02af9e5674","1","https://via.placeholder.com/640x480.png/0022bb?text=aperiam"
"2121","101","Bouvet","Julien","unormand","luce40@pierre.com","0199784778","[""ROLE_USER""]","7afeb1e84022fe97ffc90e062b59549a18ab19eaddbf5ce02135469acdf04812","1","https://via.placeholder.com/640x480.png/000000?text=harum"
"2122","104","Guillot","Jérôme","sophie83","charles.louise@laposte.net","06 37 58 50 46","[""ROLE_USER""]","0ef611a0ee8f08bff4c14a64074e976c0255b77684d0cedef72078186bb208ad","0","https://via.placeholder.com/640x480.png/007766?text=architecto"
"2123","101","Guillon","Jean","raymond46","margaud.guillaume@blot.fr","0755438809","[""ROLE_USER""]","a16e0432b416b3e30e8e320742c9394f0bc24b2286a888a6285d19ceed20b53c","0","https://via.placeholder.com/640x480.png/004488?text=non"
"2124","103","Morin","Aimé","cbaron","alphonse.leroux@voila.fr","06 68 83 02 97","[""ROLE_USER""]","fdb61c52bd7c8f7d17ee10841c5da77ebc6e042c253e080bfb0cb0015dda9179","1","https://via.placeholder.com/640x480.png/00aadd?text=vel"
"2125","101","Bourgeois","Alphonse","celine.thomas","hvalentin@morel.com","0201548476","[""ROLE_USER""]","675d70a7d830791b16038638f7316877558e461c9a11ca19749d908b2a620324","1","https://via.placeholder.com/640x480.png/009988?text=quidem"
"2126","103","Ruiz","Frédérique","guy80","marthe.roussel@noos.fr","+33 (0)2 24 45 42 54","[""ROLE_USER""]","b2bb63951e9ff4a24b15059913ad3ba604630262c9c561059e4520431bc31efd","1","https://via.placeholder.com/640x480.png/000088?text=assumenda"
"2127","102","Ramos","Anaïs","francoise58","fturpin@sfr.fr","+33 6 26 74 58 20","[""ROLE_USER""]","6d12355b3dca867bf17448c09622f5936b6f04af53ad0899944772fd2e69d711","1","https://via.placeholder.com/640x480.png/009977?text=tempora"
"2128","103","Peron","Roland","edouard70","jacqueline99@bernard.net","+33 4 14 77 09 16","[""ROLE_USER""]","8f90bb96134c630a22c43d4c205522ccac5c25b998e26ee2e4eb102aeabdbd5f","0","https://via.placeholder.com/640x480.png/00dddd?text=culpa"
"2129","102","Martin","Jules","dguyot","laurent.lacombe@blanchet.fr","0940440570","[""ROLE_USER""]","ad1d802698bdbc311782e0f249be331ccba5fedeb0f7f068c5bf06298d7e900e","1","https://via.placeholder.com/640x480.png/006611?text=ipsum"
"2130","102","Boulay","Emmanuel","zauger","girard.franck@free.fr","+33 (0)5 17 68 74 36","[""ROLE_USER""]","40051900270a7f98e7403fe9fc0565280d6959db06e844d19a2fa0574b1726c5","0","https://via.placeholder.com/640x480.png/008811?text=provident"
"2131","101","Vasseur","Manon","leclerc.michel","remy41@sfr.fr","0365216624","[""ROLE_USER""]","3c1ee87ceeb994813a833e1085d0db168452ae1983452627fde10c45054bfc7f","1","https://via.placeholder.com/640x480.png/00cc66?text=quo"
"2132","104","Vincent","Lucas","bourdon.emmanuelle","marchand.leon@seguin.fr","09 79 48 47 25","[""ROLE_USER""]","53887409c7cee68b3e7389a4053073f0c47cc250903b75c1b98bfa378f9ba873","1","https://via.placeholder.com/640x480.png/005533?text=hic"
"2133","105","Renaud","Dorothée","foucher.patrick","zdeschamps@tiscali.fr","+33 7 79 09 41 37","[""ROLE_USER""]","7403584146ffe33d0e9e88eb2d62866593edad9efa008b206669c2b548cf764f","1","https://via.placeholder.com/640x480.png/00eecc?text=autem"
"2134","103","Jourdan","Sophie","louis.charlotte","jtraore@dbmail.com","03 41 99 72 39","[""ROLE_USER""]","a4eb9e9243c532402f0e7ca4150bee4c04ca0dfd3474093a5deeea1bec388ecb","1","https://via.placeholder.com/640x480.png/004444?text=perspiciatis"
"2135","104","Imbert","Adélaïde","eugene.mary","matthieu39@sfr.fr","0243124683","[""ROLE_USER""]","3e71c47096f81a20257fd5e59d130b7d7f99e4fb0e2d9781fc3e87eaa8a42362","0","https://via.placeholder.com/640x480.png/000066?text=soluta"
"2136","104","Seguin","Alice","nicolas.dubois","jacqueline.desousa@dupuy.org","01 22 73 26 19","[""ROLE_USER""]","a7fcfe7053483929b00bd58312204af63dfa632af9a8f8a14f2de0d161489722","1","https://via.placeholder.com/640x480.png/005599?text=quis"
"2137","104","Rousseau","Luce","david07","perrin.jerome@noos.fr","+33 (0)4 42 33 07 63","[""ROLE_USER""]","81c2b8bb81d468fb8dafc804df5df9d9699783ef513f10a3a7939b994db1300f","1","https://via.placeholder.com/640x480.png/00ffee?text=et"
"2138","104","Leger","Clémence","paulette82","muller.madeleine@charrier.com","+33 (0)8 93 78 28 45","[""ROLE_USER""]","68ad393cfccb9a0c1a81599e2c8c4e3e6d18413a9379c5e9423cd8d2a18a1954","0","https://via.placeholder.com/640x480.png/0000cc?text=natus"
"2139","102","Petit","Claude","ines83","isaac.pineau@leveque.com","+33 (0)2 24 51 72 21","[""ROLE_USER""]","15975379501bf2b4bd7a7d9406d1d8427c990a7b009996706d2b49f6de5f88e3","0","https://via.placeholder.com/640x480.png/009955?text=laudantium"
"2140","102","Collet","Auguste","nruiz","elisabeth.morel@labbe.com","02 85 40 90 89","[""ROLE_USER""]","1a7cdc1d30f177d6df306e8f2da7ca39c3953b184e4959f570cef6b3f433671f","0","https://via.placeholder.com/640x480.png/00bb99?text=quo"
"2141","105","Martin","Timothée","tlegros","martine.leger@peron.fr","+33 9 61 01 46 34","[""ROLE_USER""]","1278bb91f1058e21a1dfce84d0f64b22bd440b9fbdc029b5c870afef86c9ce85","0","https://via.placeholder.com/640x480.png/001100?text=quaerat"
"2142","105","Loiseau","Luc","roussel.thierry","suzanne50@bouygtel.fr","+33 (0)8 19 44 73 93","[""ROLE_USER""]","25dc374702d5d1a476771cca59d19555b072fad52383a9135763b82718503978","1","https://via.placeholder.com/640x480.png/00aa33?text=ut"
"2143","103","Boyer","Gérard","capucine32","martin.raynaud@ifrance.com","+33 9 02 59 75 02","[""ROLE_USER""]","bfe316b54d865661a418af1e0c00cdd421389ebc3d94946c82ce60c4a2938d3c","0","https://via.placeholder.com/640x480.png/000044?text=est"
"2144","101","Olivier","Théodore","lucas.perrier","leveque.etienne@laine.fr","0373946450","[""ROLE_USER""]","e4f6b3cabf85626af479b890ab916de864bfe9422db9c1f147677f38d8fe60ef","0","https://via.placeholder.com/640x480.png/00ffaa?text=odit"
"2145","101","De Oliveira","Madeleine","richard68","gallard@dbmail.com","+33 (0)8 98 15 01 28","[""ROLE_USER""]","38d2f9b4e9b800a2820f5b76d7514660d26f0aedf16094581ca5c7407c38de76","1","https://via.placeholder.com/640x480.png/00ccff?text=facere"
"2146","104","Parent","Victor","gjacquet","umace@voila.fr","+33 1 79 34 53 46","[""ROLE_USER""]","855a29e078095d8f86326c75142a53d21189c8784973e444004895f71338c407","0","https://via.placeholder.com/640x480.png/005599?text=molestiae"
"2147","102","Laporte","Antoinette","maillard.madeleine","lucas.moreau@techer.org","04 40 07 03 50","[""ROLE_USER""]","e67f04606a07935a4f699e5c75f66f45637be35564bcccb315ef56903d24a4c6","0","https://via.placeholder.com/640x480.png/005544?text=et"
"2148","101","Durand","Raymond","joly.gerard","marchand.victoire@guyot.com","03 42 21 74 50","[""ROLE_USER""]","028ebe5a27c9f5d92f643fd2a3915f81193a71650f20a6b7afc2e4096507955e","0","https://via.placeholder.com/640x480.png/00ffff?text=illo"
"2149","101","Colin","Franck","elise.paris","goncalves.thibault@orange.fr","0539176911","[""ROLE_USER""]","809caeb7d1926320bd5eb7a0b37a04327188f2178bd30f1f9e5439f3f9089c2a","0","https://via.placeholder.com/640x480.png/002266?text=ab"
"2150","102","Monnier","Jean","jacques44","henri39@faivre.com","+33 9 47 40 49 42","[""ROLE_USER""]","9c79af060e4966ddecd33e869d0f93a6bef5bba1357935b01b78d7345ac7b35d","1","https://via.placeholder.com/640x480.png/00bbbb?text=voluptatem"
"2151","105","Gilbert","Laure","didier.josephine","mboucher@prevost.fr","+33 (0)9 06 49 65 17","[""ROLE_USER""]","995ff86a382904ed73e21e075c76b8500881b957028801781e094121e8e390f8","1","https://via.placeholder.com/640x480.png/00cc00?text=ad"
"2152","102","Turpin","Thomas","cousin.nathalie","arnaude50@seguin.com","05 52 57 18 63","[""ROLE_USER""]","bfd086379cf43038da6b4b2d0cf83dd5b38ef1995e28b00e67b14499fb9db527","1","https://via.placeholder.com/640x480.png/00eedd?text=aliquid"
"2153","105","De Sousa","Émilie","gdumont","colin.genevieve@charrier.com","+33 3 61 21 50 85","[""ROLE_USER""]","f12219f1da4b8e09789191a6577671c02ce7a090761e5a25caa8df379b0a3fa8","0","https://via.placeholder.com/640x480.png/00dd44?text=qui"
"2154","105","Germain","Suzanne","maurice99","planglois@hotmail.fr","0582079231","[""ROLE_USER""]","aba1ac412a638d9a187dc1fc704314b5259e09baf20da4c0cfb015239c720aae","1","https://via.placeholder.com/640x480.png/005544?text=quisquam"
"2155","102","Ferreira","René","martin37","olivier.reynaud@seguin.fr","0487137975","[""ROLE_USER""]","a5a7e009ef139ce7418765963ec0849eaf471ed88b41b4e1eae28b904ceb2a04","0","https://via.placeholder.com/640x480.png/00ffaa?text=quia"
"2156","105","Bourgeois","Agnès","emmanuelle67","garnier.maurice@lemaitre.org","+33 (0)1 26 51 77 27","[""ROLE_USER""]","ce018595e4faa81e87413483366809bec76174c7be8110a4b68eca1544945c9f","1","https://via.placeholder.com/640x480.png/0022dd?text=tenetur"
"2157","101","Grondin","Lucas","nathalie70","igauthier@fernandez.com","0804108800","[""ROLE_USER""]","dac5b2c05d8ec874516e2258a3119e231d44ab256996a05987187f70908a455a","1","https://via.placeholder.com/640x480.png/0000cc?text=alias"
"2158","101","Begue","Guillaume","clemence.mahe","bertrand.sanchez@lebon.net","01 98 10 07 78","[""ROLE_USER""]","3b650bc8d8a0afb678dab03cd82c5bfda66e8ba2ec815b50258b135794e61d81","0","https://via.placeholder.com/640x480.png/0044dd?text=laboriosam"
"2159","104","Ferreira","Stéphane","rocher.antoine","valerie.weiss@maillard.org","+33 3 29 16 95 69","[""ROLE_USER""]","f30f589b82e20b3256f22d73f6078e6b434e5f306a8c1e427618ae74f9d06273","1","https://via.placeholder.com/640x480.png/0066cc?text=id"
"2160","101","Etienne","Arthur","olivier.thomas","gbrun@ifrance.com","0123632640","[""ROLE_USER""]","23111ad5113fd69644328178726d5ecae573d58117dbf2de4610583fb653b140","1","https://via.placeholder.com/640x480.png/00bb11?text=nam"
"2161","104","Duval","Joseph","capucine92","lagarde.aimee@seguin.com","04 32 59 66 29","[""ROLE_USER""]","235554107c2b4dbfa05956af297ccb326963458b93312308416de08025f94e52","1","https://via.placeholder.com/640x480.png/00cccc?text=magni"
"2162","104","Blondel","Théodore","olouis","julien.navarro@lefebvre.com","0388097902","[""ROLE_USER""]","c723ce9ec0c492c5ebcf2daee369b4b48e4a29f3b14f03845b09ad5820ddea57","0","https://via.placeholder.com/640x480.png/00cccc?text=animi"
"2163","103","Blanchet","Maryse","denis97","robert22@fontaine.com","08 92 95 41 84","[""ROLE_USER""]","2ae2f53605d442a9e6ea38dc02a30e8539f7eb76a5e7b479c83d1757719c9e80","1","https://via.placeholder.com/640x480.png/0066aa?text=ut"
"2164","103","Duval","Dominique","pbernard","millet.emmanuelle@noos.fr","0193974921","[""ROLE_USER""]","cd478692898ac7f0266231b97ebc48805960ecde20b8f56f3732b9943cc27005","1","https://via.placeholder.com/640x480.png/0088bb?text=fugit"
"2165","105","Leger","Aimé","elise.vaillant","emmanuel.traore@orange.fr","0463956158","[""ROLE_USER""]","f3638c4b75e0f4873050aed8fd5d78074557b6ca2a5fe89b3755b09ca09f4f5f","0","https://via.placeholder.com/640x480.png/0011ee?text=non"
"2166","104","Muller","Alphonse","laetitia.deoliveira","aurore.alves@muller.org","+33 (0)2 93 08 45 96","[""ROLE_USER""]","b4272788c4aac800392db862aa8a5f5c585790244ccc80ab39c0cb5b5252c310","0","https://via.placeholder.com/640x480.png/00ddcc?text=exercitationem"
"2167","102","Traore","Christophe","elodie.neveu","bazin.denis@hardy.org","0802976731","[""ROLE_USER""]","1aac19441d5ed6ca5fc93eb6061670dc02770877f1e85980340f38db8fd82253","0","https://via.placeholder.com/640x480.png/00ee33?text=doloremque"
"2168","102","Bigot","Renée","laine.lucas","lemaitre.marie@deoliveira.fr","0768272694","[""ROLE_USER""]","b736615d627f43b5e170bd13bca0d20d089990892c84d4eb8e648b737c224cd2","1","https://via.placeholder.com/640x480.png/00ddbb?text=nam"
"2169","101","Dupuis","Sabine","ahoarau","michel98@yahoo.fr","+33 (0)7 42 80 19 61","[""ROLE_USER""]","dc19dbe9385f6e63eb387ba85fd798c7eb8032047aa2cc720830991582fece3f","1","https://via.placeholder.com/640x480.png/00dd55?text=et"
"2170","105","Guyot","Camille","rlegendre","sebastien17@verdier.com","+33 2 53 48 76 08","[""ROLE_USER""]","d36d9d14b4851698e2618ee73ef4a4badbae2a89c09ee67f3ed48574cc35af9f","0","https://via.placeholder.com/640x480.png/009933?text=facere"
"2171","103","Olivier","Patrick","alexandre.aimee","apottier@bouygtel.fr","0231038432","[""ROLE_USER""]","045074f275f56b493b17d221399af0ddaea61bca279c0aa1eb67a0b6f977c595","0","https://via.placeholder.com/640x480.png/006677?text=in"
"2172","104","Lefebvre","Nicole","noemi56","margaud98@marie.com","0988033666","[""ROLE_USER""]","b03b9b1fc7201d0a864d6a18e4968283f30cf1dce270ec1003fbebdfc28135b4","0","https://via.placeholder.com/640x480.png/005500?text=perspiciatis"
"2173","103","Ferrand","Maryse","marie.menard","astrid26@antoine.com","+33 (0)2 94 86 81 20","[""ROLE_USER""]","8acc0b998414e00fedbc9375161f16c313edc1d32872143dba4a635ee5d9ed7a","1","https://via.placeholder.com/640x480.png/006655?text=fuga"
"2174","105","Chauvin","Nicolas","jeanne.lejeune","collet.michel@duval.com","+33 5 69 21 90 96","[""ROLE_USER""]","e0dbcdcc928d49dc5a7d3f27e10bf653e52c71a7b9d805b6148294b7913a43c1","0","https://via.placeholder.com/640x480.png/00bb33?text=velit"
"2175","101","Techer","Bernard","andre50","marc12@prevost.com","+33 1 96 40 90 58","[""ROLE_USER""]","0a1581d0afeefa163c1495d144fcea751ec6668ec2c573fe68f1e3404d81ed17","1","https://via.placeholder.com/640x480.png/004411?text=quos"
"2176","103","Dupont","Véronique","thibaut.carpentier","sebastien.faure@payet.com","05 72 05 32 94","[""ROLE_USER""]","23dfd22a2de500ab9c05075887835c570382890fdcfb07243f93919a33153b18","0","https://via.placeholder.com/640x480.png/000044?text=dolore"
"2177","103","Bourdon","Arthur","marty.olivie","lucas.hamel@barthelemy.com","+33 (0)5 42 73 84 19","[""ROLE_USER""]","e6856a8099d361afc860040492a2111a6399c383cd7763ea32317b1ef2187122","0","https://via.placeholder.com/640x480.png/009911?text=odio"
"2178","103","Andre","Léon","patrick41","thibaut.blot@laporte.fr","08 20 50 91 26","[""ROLE_USER""]","61c3c80d4bafcbb3d4f27feac7959f02d07b7a818c417d529cfff338f8bd2e81","1","https://via.placeholder.com/640x480.png/00aadd?text=beatae"
"2179","102","Masson","Roger","gros.michele","paul73@dbmail.com","+33 6 22 14 22 69","[""ROLE_USER""]","2163781e21a16cc4f25058cf26a5092aa143f53a88997c2cdb83eaf998a5c2f8","1","https://via.placeholder.com/640x480.png/009933?text=nobis"
"2180","105","Lejeune","Paulette","michelle.alexandre","martin08@wanadoo.fr","+33 (0)2 40 05 31 57","[""ROLE_USER""]","7a1022b27873aced5eaf4f1402c75a45b38f934fb6d066d8d9eefdcd25e70ba1","1","https://via.placeholder.com/640x480.png/0044ee?text=natus"
"2181","101","Leclercq","Claude","paris.marianne","alphonse08@sfr.fr","+33 (0)7 95 44 70 74","[""ROLE_USER""]","9fc9bfe0083c527a80fe154a6d7814818436ecb95a63bc3dea26646c070596b6","0","https://via.placeholder.com/640x480.png/0088ff?text=qui"
"2182","105","Vallee","Marcelle","joseph.marion","theodore73@hotmail.fr","07 50 36 68 41","[""ROLE_USER""]","3485d9eb2f3b48c48560373200ac290337beb50d50c29757c0d69ec7050d3f37","0","https://via.placeholder.com/640x480.png/00ddcc?text=maiores"
"2183","102","Couturier","Océane","philippe.fernandes","gprevost@gmail.com","06 20 85 39 97","[""ROLE_USER""]","4ab825669c57c919e100f5843af1d39ee483c827ce8113df6abc4beacc8ce5f5","0","https://via.placeholder.com/640x480.png/00ff77?text=sunt"
"2184","104","Teixeira","Benoît","gregoire.mallet","ymaury@moreno.fr","0829413928","[""ROLE_USER""]","02095a7a90f83b3d78df621354a8fc0057a3eed76cd940bd9bf06cc852b4d490","0","https://via.placeholder.com/640x480.png/00cc44?text=labore"
"2185","102","Joubert","Honoré","tmoulin","jean20@yahoo.fr","+33 (0)9 37 48 77 03","[""ROLE_USER""]","ef42d08f7890d1606ef1f6057dd07be44e4cedb88592e9f39f70543324961be0","1","https://via.placeholder.com/640x480.png/001166?text=distinctio"
"2186","101","Lejeune","Marthe","dupuis.antoine","claude.fabre@vallee.net","04 08 57 38 11","[""ROLE_USER""]","f1c71269b97ab53fb260d147abc27f4925728b4340b0d656589f7f3135f1ed13","1","https://via.placeholder.com/640x480.png/0022ff?text=expedita"
"2187","103","Gauthier","François","guy38","lamy.xavier@gmail.com","02 82 43 59 21","[""ROLE_USER""]","61026082043d3ef30e5eef271716f960dd6264c754c118201f508698d168c9c0","1","https://via.placeholder.com/640x480.png/00dd33?text=omnis"
"2188","103","Marty","Antoine","techer.stephanie","susanne57@lemaitre.com","+33 1 18 58 16 55","[""ROLE_USER""]","d433cffe7c056bd268899a6056417079687781788fa93ad28b1158bcded99936","0","https://via.placeholder.com/640x480.png/0066dd?text=sunt"
"2189","105","Marechal","David","gilles01","nregnier@muller.com","09 53 05 42 12","[""ROLE_USER""]","93f54110ffd12f78cd39b9f7a4f28ab96acef4c9eb98c3f59c1668dea74b04e0","0","https://via.placeholder.com/640x480.png/000088?text=beatae"
"2190","104","Pires","Martin","benard.lucy","rcoulon@bouygtel.fr","0572221327","[""ROLE_USER""]","fb1d11689bbe974af66894205f546a819c5e8c87e2b32ee20845b2b0111da532","1","https://via.placeholder.com/640x480.png/001122?text=consequuntur"
"2191","104","Roger","Astrid","xavier.pascal","victoire85@laposte.net","02 66 84 05 26","[""ROLE_USER""]","c127a8d4924703ebbc7e4f469d5d98f90dabee749761f9853f39052419300d4b","1","https://via.placeholder.com/640x480.png/00bb55?text=aut"
"2192","101","Germain","Mathilde","alexandrie24","valette.eugene@louis.fr","0618209159","[""ROLE_USER""]","3f1ed8fa620541653a68f301019e81e23a3d7764ed8ffa800e420e6a09ddb130","0","https://via.placeholder.com/640x480.png/005599?text=est"
"2193","104","Guyon","Benjamin","eruiz","sebastien55@dumas.com","+33 (0)5 99 07 53 30","[""ROLE_USER""]","ad03bae0fcb0cb9373f6d2f57b30dc79ff71d8817fa49ec5b28f9065ce284a90","0","https://via.placeholder.com/640x480.png/00ee33?text=quis"
"2194","104","Weiss","Nicolas","ubailly","tanguy.antoine@herve.fr","+33 (0)1 00 10 02 31","[""ROLE_USER""]","0224a2f749e99a73016760b05765c15b2273bf878635369bdd8ff8a42ca1b5e8","1","https://via.placeholder.com/640x480.png/0077aa?text=provident"
"2195","104","Marques","Charles","fouquet.christelle","philippine53@free.fr","+33 5 92 52 37 37","[""ROLE_USER""]","87c9936b9f14fc19b288c568f31c96c64d959b5d05e76b56e8c172acbc460ef9","1","https://via.placeholder.com/640x480.png/009900?text=inventore"
"2196","105","Perret","Aimé","jeannine.couturier","astrid.nguyen@bigot.fr","+33 (0)7 39 79 81 14","[""ROLE_USER""]","fd5e124f5f7e01918477f317d602cd7b193dbfbbe0ab31c37fcaf3d80a9c3bb3","0","https://via.placeholder.com/640x480.png/0088dd?text=repudiandae"
"2197","103","Dumas","Frédérique","frederic90","wrichard@dbmail.com","0609526619","[""ROLE_USER""]","c1b6bdeb3fcc225a31927447edd5bbbe947cc9d5fef95b9aaafe0560789543d3","0","https://via.placeholder.com/640x480.png/00aaee?text=aut"
"2198","101","Pichon","Alice","lfournier","rrenaud@bouygtel.fr","0697799739","[""ROLE_USER""]","778cd4e621200389b31003854fc3f51fddb5dacf27f9e6f2e38efaef468817d3","0","https://via.placeholder.com/640x480.png/0011cc?text=ad"
"2199","102","Mallet","Laetitia","arnaud.marc","camille.dacosta@lefort.net","+33 (0)2 90 75 73 16","[""ROLE_USER""]","e9c51bd4b41ab25af0db4f73146d325cc4a9a917661669b762bec1caa2bfb350","1","https://via.placeholder.com/640x480.png/00aacc?text=soluta"
"2200","104","Mallet","Lucas","luc95","zcolas@didier.com","0101260893","[""ROLE_USER""]","b9d3226420d5e66fa8d67fb2bf15adb199fff4530b289cd267942e1f1eed91d8","0","https://via.placeholder.com/640x480.png/00cc33?text=sunt"
"2201","102","Samson","Adrien","idiaz","henry.victor@orange.fr","05 31 99 93 00","[""ROLE_USER""]","3fcc730f203a26e8230d06e165a9f72c2248ecf583f82983f4f208443f1216f4","1","https://via.placeholder.com/640x480.png/0099aa?text=libero"
"2202","105","Gautier","Adélaïde","renard.henri","lucie28@bouygtel.fr","+33 7 78 72 99 57","[""ROLE_USER""]","fc0f96a0fbcd7a8bc0f8b76b0949e395c372fac8219e16b8d2a854288dd2e943","1","https://via.placeholder.com/640x480.png/002244?text=accusantium"
"2203","101","Andre","Victoire","sauvage.david","ihernandez@martin.fr","01 90 76 37 97","[""ROLE_USER""]","231160e0435e83e6369f3ba863929f34f901a2e09a43a7cf8570bd397d3d4af0","1","https://via.placeholder.com/640x480.png/0000cc?text=eaque"
"2204","102","Brunet","Franck","arthur.bailly","maillot.catherine@noos.fr","+33 6 60 67 52 22","[""ROLE_USER""]","cb57be7ddbaeb3d6559b5a8ed0d46664a486b3c860b77b4400df675ee6f402e7","1","https://via.placeholder.com/640x480.png/000077?text=mollitia"
"2205","101","Brun","Édith","jacques20","jeanne.delaunay@lacroix.org","+33 (0)1 96 53 26 44","[""ROLE_USER""]","2bd76a486866d48c95c98ecca523d2a0a316270ab8a1a975f2a56ddd1b3f92d3","1","https://via.placeholder.com/640x480.png/007799?text=saepe"
"2206","102","Vincent","Olivie","gallet.victoire","thibaut15@sfr.fr","+33 (0)2 86 43 20 85","[""ROLE_USER""]","209f6b24961b93e1b95e9de0a474303623d800931c2771849c6aa3aeb25dc935","0","https://via.placeholder.com/640x480.png/007711?text=recusandae"
"2207","105","Valentin","Andrée","helene.marin","alfred.mendes@tessier.com","0164625232","[""ROLE_USER""]","0de92e85e7aaf05e9f98cfad881e0085ef1fa60a0a09ef8611f4d2b3ff2feffc","0","https://via.placeholder.com/640x480.png/002277?text=doloremque"
"2208","103","Rey","William","garnier.gabriel","noel.antoinette@pereira.com","0629545612","[""ROLE_USER""]","084e43186381077b90a3f8199f518cb7c9dcda7f0a67cf5095cf21762f546d6f","0","https://via.placeholder.com/640x480.png/00ee66?text=praesentium"
"2209","102","Gallet","Valérie","charles.bouchet","tphilippe@free.fr","0276654376","[""ROLE_USER""]","0c206b602e4560384567334aeeb013d280ae017b8cbcf5a1e559ebd43a1fe8e6","0","https://via.placeholder.com/640x480.png/0022aa?text=odit"
"2210","105","Gillet","Roland","auguste60","helene.lesage@sfr.fr","+33 (0)8 11 45 33 88","[""ROLE_USER""]","20a70f2e25ff52f1a039b675ace27382fd7f07c4474505a7c26931c8f92ef833","1","https://via.placeholder.com/640x480.png/00bbaa?text=debitis"
"2211","101","Mary","Bernard","gabrielle18","baron.aurore@klein.org","04 16 99 14 50","[""ROLE_USER""]","102715728e03eac2d91ad9f67a215108415d66eabba0c2ed1af92a7a0e0e40fa","1","https://via.placeholder.com/640x480.png/00dd00?text=mollitia"
"2212","105","Ollivier","Charles","abourdon","hlacroix@orange.fr","0996950758","[""ROLE_USER""]","3cf9d99b6e6ba4df80dee60d7259195b7334b973ffd8be2ad766598ee6ae48cf","1","https://via.placeholder.com/640x480.png/006666?text=corrupti"
"2213","104","Rossi","Gilbert","susanne92","dupuy.remy@wanadoo.fr","+33 6 68 20 41 78","[""ROLE_USER""]","08b5e9c8be005bbdb62e88e724b3b0de4cc63b14273ef175310a4c60c9964dd9","1","https://via.placeholder.com/640x480.png/00dd55?text=maiores"
"2214","105","Vaillant","Robert","ecoste","jacquet.marthe@reynaud.com","+33 (0)6 00 77 48 71","[""ROLE_USER""]","038ba6527ded6695e8ab29d0f2048349a53ce8e10882fae78ccc802d18e2800c","0","https://via.placeholder.com/640x480.png/0055dd?text=praesentium"
"2215","104","Muller","Jérôme","benjamin.pinto","helene.caron@voila.fr","05 67 09 40 88","[""ROLE_USER""]","b12b53c76d35b76128a83bfd36d2b7a6eecd47abf05a05ec2eab82cd09435c6e","0","https://via.placeholder.com/640x480.png/008822?text=corrupti"
"2216","103","Allain","Aimée","nathalie.durand","emmanuel43@perret.fr","+33 (0)4 07 85 96 54","[""ROLE_USER""]","f284b2ae99efba397e5534260d50609de8ba5b8f594718b6d66dadc0530fcc25","0","https://via.placeholder.com/640x480.png/00ff99?text=voluptas"
"2217","101","Nicolas","Susan","jacques.dubois","aime69@orange.fr","0260251749","[""ROLE_USER""]","4d13f0922060b3f23a74b81681394ddbae8d3b6f242ba74637190ac683a3956e","0","https://via.placeholder.com/640x480.png/004499?text=eligendi"
"2218","105","Costa","Isaac","ogilles","bcolas@dbmail.com","+33 2 22 59 82 13","[""ROLE_USER""]","e1a9a93271c3789a48e750510068f619f04be98080766a960d6949cd7bb6f20a","1","https://via.placeholder.com/640x480.png/004444?text=sequi"
"2219","101","Poulain","Chantal","laurent.charrier","bsalmon@wanadoo.fr","05 42 55 05 58","[""ROLE_USER""]","5a4e5ad5db732f4f9da44162670de019f71407f7e3bfa24da20f41016f2405bd","0","https://via.placeholder.com/640x480.png/00ff22?text=et"
"2220","101","Petitjean","Martin","christophe50","margot70@tele2.fr","+33 9 29 41 15 43","[""ROLE_USER""]","32e86a640897c8abf5931fc4c3f919aa0d1e201a27511bf7d3f12a29228486ca","1","https://via.placeholder.com/640x480.png/001133?text=voluptas"
"2221","102","Turpin","Cécile","vasseur.andre","gilbert42@bodin.fr","+33 (0)5 26 14 99 10","[""ROLE_USER""]","cf5d0803c800983b16eb227a9bbd6d2aa74817d5722417badc73b2cab30668dd","0","https://via.placeholder.com/640x480.png/0033aa?text=aut"
"2222","105","Etienne","Antoine","jacqueline50","mallet.olivier@foucher.com","+33 1 62 58 03 63","[""ROLE_USER""]","bbc8514fe1de9b72bf732534580df6d8d7d3ceb8f47c98405824488c2259ac01","0","https://via.placeholder.com/640x480.png/009977?text=explicabo"
"2223","104","Giraud","Sébastien","wmary","ogregoire@berger.com","+33 6 21 36 35 72","[""ROLE_USER""]","0975d2922d22b8c807c5b4c0f34ae43f7be6f5b4adbdf73a0bafc50670bd2208","0","https://via.placeholder.com/640x480.png/0011aa?text=error"
"2224","102","Normand","Alice","josette.coulon","ublondel@jacquot.fr","+33 (0)1 10 53 31 16","[""ROLE_USER""]","886c2f7ff768c95757d9d3a59b4900965e2029805df03a36c75f8ade38a00f80","1","https://via.placeholder.com/640x480.png/0044ee?text=et"
"2225","103","Gilles","Eugène","bouvier.auguste","henri81@tele2.fr","09 09 88 46 36","[""ROLE_USER""]","4566f6ad49b1299b13c707399853ca15e7f28a816a7baea949ff23d4948243ef","0","https://via.placeholder.com/640x480.png/005511?text=corporis"
"2226","103","Muller","Tristan","zreynaud","hugues.gallet@breton.com","+33 (0)9 60 52 22 94","[""ROLE_USER""]","351d28452aa18a8251689e7ddaeaa6377cc0b799744d683ba9eb99a56e6dafa9","1","https://via.placeholder.com/640x480.png/000044?text=aut"
"2227","105","Le Goff","Adèle","marcel40","antoinette.bourdon@noos.fr","0154519803","[""ROLE_USER""]","fdbed012c74de5b7a115540845ad38ac16b39a69c2c7d695b873130f6ab9f6cb","1","https://via.placeholder.com/640x480.png/0000dd?text=dignissimos"
"2228","105","Evrard","Aurélie","danielle.barre","olivier.richard@free.fr","08 27 62 31 59","[""ROLE_USER""]","9a02d0af8a6e17c8908f1c7b7b006f856f5bcbb86751039abf0d13a9b9212703","1","https://via.placeholder.com/640x480.png/0066cc?text=perferendis"
"2229","102","Klein","Patrick","elodie94","hmichaud@orange.fr","+33 (0)7 83 38 87 95","[""ROLE_USER""]","c7bb48bed1b5bf9d052616c1cc923363554515a5066bdf8bd6089f97f60fff66","0","https://via.placeholder.com/640x480.png/00ee44?text=suscipit"
"2230","103","Maillot","Joseph","kdumas","weber.louise@club-internet.fr","01 36 62 66 30","[""ROLE_USER""]","85828773a1ed439a9447c0bdd1b9ae23f38ff7b7b8d556f1e7fdd1f69823de19","1","https://via.placeholder.com/640x480.png/007799?text=possimus"
"2231","104","Charles","Guy","xprevost","veronique28@bertin.com","07 67 82 13 95","[""ROLE_USER""]","fab0b03c330a15f5cc44f08969d22e83ffea7e1346580c39c54d3141dc6bb3f3","1","https://via.placeholder.com/640x480.png/0066cc?text=aspernatur"
"2232","103","Auger","Élodie","mary.vincent","david.gilles@tiscali.fr","03 42 12 05 21","[""ROLE_USER""]","f248f11d8500cc7934d3d22c870c69828ec079928b424da02ed466d4d71bde95","1","https://via.placeholder.com/640x480.png/00aacc?text=quia"
"2233","102","Hoarau","Renée","pauline45","fauger@foucher.fr","02 85 72 67 53","[""ROLE_USER""]","e00b952a1ddd25d67ebe90ca7c575f8f249bb69697753c4026250ec3e8839f69","0","https://via.placeholder.com/640x480.png/007733?text=sequi"
"2234","103","Michaud","Victoire","pruvost.gilbert","udelmas@guyot.fr","+33 5 74 61 75 08","[""ROLE_USER""]","effe1204e7000bb560cb23172b86f51208a0b55e4c8ce6bae88288575210fed6","1","https://via.placeholder.com/640x480.png/0022dd?text=eius"
"2235","104","Besnard","Odette","lpierre","bberthelot@marie.org","+33 (0)1 52 94 67 98","[""ROLE_USER""]","d2bbab79b5029ebe2584de30e088836f5c889409c9f4518fad414c615d4ca1d8","1","https://via.placeholder.com/640x480.png/008833?text=debitis"
"2236","101","Jacquot","Maryse","martinez.pauline","arthur14@lenoir.com","0249606179","[""ROLE_USER""]","b0a1c2c468f1c4d5ed339ed78d46fd2ab100c0a765b4b7fa5cba8aa1e10ef641","0","https://via.placeholder.com/640x480.png/004433?text=odit"
"2237","104","Foucher","Charlotte","bertrand90","julien.descamps@club-internet.fr","0931775329","[""ROLE_USER""]","ae0dbcdfa49587bd4c2c5ec0495c79f82e4d29f22ca153f8d9b542c453921ae6","1","https://via.placeholder.com/640x480.png/00ddbb?text=autem"
"2238","102","Lefebvre","Marthe","genevieve.philippe","marguerite66@laposte.net","+33 5 10 95 84 03","[""ROLE_USER""]","59449870eb1f07d94a7599c461913d2ad50ccc960386e1a22eb6f0a79d1a04c1","1","https://via.placeholder.com/640x480.png/002299?text=ab"
"2239","103","Moreau","Guillaume","sabine.maillard","plebrun@dias.fr","0323818967","[""ROLE_USER""]","229c8dc8855b5aa51d34442ae92bc88ce83d2b2396249a4ba6532a6389d23244","1","https://via.placeholder.com/640x480.png/00aa99?text=molestiae"
"2240","103","Thierry","Lorraine","yguilbert","patricia.chevalier@gmail.com","09 97 27 09 67","[""ROLE_USER""]","db2d0d8cb6e2fc2ea0a251558c79d8124a5bee4252918e915561c76b4fab78cf","0","https://via.placeholder.com/640x480.png/00aa11?text=culpa"
"2241","102","Mallet","Alfred","diaz.marguerite","hardy.isabelle@bertin.com","0466953912","[""ROLE_USER""]","a3b6ab8636e5d736e46109f6a385de4486313c8fb762e2c83b204aafb665c6c3","1","https://via.placeholder.com/640x480.png/009900?text=et"
"2242","101","Tanguy","Anastasie","alfred56","vallee.eric@club-internet.fr","+33 1 33 40 67 46","[""ROLE_USER""]","64a8561250ee0270b7a10340ba59cfe4c37762756e0605d025e8008fc64d4e9a","0","https://via.placeholder.com/640x480.png/00ccdd?text=enim"
"2243","103","Guyon","Martin","marguerite55","nblondel@tiscali.fr","05 72 18 88 28","[""ROLE_USER""]","58118e9a71af28e2d22ab4799f1dcc593cf24cbacf6c58f267d56b249d81eb20","0","https://via.placeholder.com/640x480.png/001188?text=nam"
"2244","102","Barre","Alice","letellier.aurelie","brun.patrick@sfr.fr","+33 4 17 02 56 42","[""ROLE_USER""]","1efb27a5345d089b3a3663955f7b9ad404ef5c101ea75f3fa3b34a9d69058565","0","https://via.placeholder.com/640x480.png/000077?text=placeat"
"2245","105","Collin","Valentine","boulay.daniel","halexandre@noos.fr","02 34 34 70 40","[""ROLE_USER""]","01689d1a596de859d5450010527f92475ecac901d897ca86f42fa915788cad57","1","https://via.placeholder.com/640x480.png/006622?text=aut"
"2246","105","Rousseau","Océane","thibaut01","leon.hamon@dasilva.fr","+33 2 15 13 44 25","[""ROLE_USER""]","520b2f711284268cfb9d0f2f7df38a22630e842d2a6ee8431789d544ed6309a6","0","https://via.placeholder.com/640x480.png/003333?text=sequi"
"2247","104","Vidal","Gilbert","monique73","laurent21@tiscali.fr","+33 (0)2 46 13 28 93","[""ROLE_USER""]","a459348b9a9537203584698e51f2735a700598bc876ac147fc2d3701355b461b","1","https://via.placeholder.com/640x480.png/00ffdd?text=nostrum"
"2248","101","Ruiz","Josette","emuller","klein.odette@blanchet.fr","+33 1 46 41 99 74","[""ROLE_USER""]","50023ea4bde873c644f5182daacfd0620a25398c598695905bff8c335db04358","1","https://via.placeholder.com/640x480.png/008888?text=accusamus"
"2249","105","Traore","Patricia","michele.bouchet","antoine.alexandria@lucas.fr","0624042692","[""ROLE_USER""]","7d80f9ccb2d24d975abecff19586251654372427a59599c7f6a2145f3b164c59","0","https://via.placeholder.com/640x480.png/008877?text=odio"
"2250","102","Philippe","Margot","zacharie25","roland66@david.fr","02 17 92 20 69","[""ROLE_USER""]","b2630d45ac5246e00dca87fb337f57996b9da1ee310a234f8f31605125db7fb6","1","https://via.placeholder.com/640x480.png/008800?text=velit"
"2251","102","Vidal","Mathilde","hmahe","sebastien19@coste.fr","05 21 31 96 52","[""ROLE_USER""]","f49aa99cf38b93269814748664954ccdcf996d7a25b4fb3f7e6105213912a5d2","1","https://via.placeholder.com/640x480.png/00bbee?text=dicta"
"2252","102","Francois","Nicolas","georges39","elisabeth.dupont@gauthier.fr","03 32 39 64 36","[""ROLE_USER""]","532b6179622ea78f4a63ec006c5354aadf68002b1473103268cad0cb37dca217","0","https://via.placeholder.com/640x480.png/0055ee?text=possimus"
"2253","102","Mathieu","Roger","martin07","noemi.parent@wanadoo.fr","06 57 17 00 76","[""ROLE_USER""]","547a21bca834ef336aa9b422f432e7a84de64712bd88dff86c44b281fc36e91d","1","https://via.placeholder.com/640x480.png/00ddbb?text=quisquam"
"2254","104","Legrand","Jacqueline","dorothee08","patrick.blot@bouygtel.fr","+33 (0)1 53 33 92 01","[""ROLE_USER""]","7ab945bd4e1af3f1f160cc819d257b77f103dd4b84ef3e5102f2e035b3add1cd","0","https://via.placeholder.com/640x480.png/00bb11?text=assumenda"
"2255","102","Jourdan","Zacharie","agathe01","jvasseur@bouygtel.fr","08 95 35 17 54","[""ROLE_USER""]","c43b18711ffd86a0084e4018878343525e9669140c9f1f36e378e0fb48ecbf58","0","https://via.placeholder.com/640x480.png/0077aa?text=recusandae"
"2256","101","Dias","Jérôme","tschneider","julie.mary@free.fr","+33 (0)4 17 12 04 29","[""ROLE_USER""]","a5f3604683f1d20abed76571cc9d77483a6d66d7807adac62e3d11264bb18ae7","0","https://via.placeholder.com/640x480.png/0055ee?text=autem"
"2257","103","Diallo","Paul","tdelahaye","robert.antoine@sfr.fr","+33 (0)5 09 51 52 24","[""ROLE_USER""]","bf3b8892145bf15425eb9f14c65a2c6121e5defdfbdfe18e39e7864ea321af15","0","https://via.placeholder.com/640x480.png/00ff88?text=odio"
"2258","103","Boyer","Alexandrie","genevieve20","toussaint.christine@laposte.net","09 83 70 24 85","[""ROLE_USER""]","82252c04b77c9ab557a0e0134ea620fd6bbff0352cec6aaea5db00b3388e9973","0","https://via.placeholder.com/640x480.png/004422?text=eos"
"2259","102","Joubert","Emmanuelle","blot.theophile","olivier.margot@bouygtel.fr","05 89 33 70 05","[""ROLE_USER""]","846798e5af7ecf451415aa357d24d78c20d3516660981555135357e2421a5252","1","https://via.placeholder.com/640x480.png/00bbdd?text=eum"
"2260","102","Leger","Margaud","thierry.besson","fsalmon@raymond.com","+33 9 07 44 28 44","[""ROLE_USER""]","e40f65768464985d038bc425e462e99a60af92d28cd902656893cbdaeff0ebdf","1","https://via.placeholder.com/640x480.png/0000ee?text=omnis"
"2261","104","Hardy","Céline","victoire25","claudine.blanchet@richard.com","+33 (0)3 16 96 39 55","[""ROLE_USER""]","c4676d21f17fb8c455a51b1efe737a74406bce99215fd0af8f089e0c159681d4","1","https://via.placeholder.com/640x480.png/005533?text=quaerat"
"2262","104","Besnard","Sylvie","hortense.mendes","bernard.martin@hamon.org","+33 (0)9 15 18 47 84","[""ROLE_USER""]","d34ecb3ed6cd11062020594cc39dcc84c5a5a4ba0ed4e2a341d9a8bffef65e66","1","https://via.placeholder.com/640x480.png/00cc44?text=enim"
"2263","101","Morin","Emmanuel","juliette76","dominique92@maurice.fr","04 63 43 91 36","[""ROLE_USER""]","be16eb707670ab9c7a17a29b0636b465d866e7a70ad781027b9a99bbf1416d8c","1","https://via.placeholder.com/640x480.png/008833?text=et"
"2264","101","Berthelot","Cécile","mpotier","adele36@bigot.fr","06 61 63 96 57","[""ROLE_USER""]","edade10597159f9c9285d4af417d0f68e6b5408fc6cc6078e2536eb34cdb04cc","1","https://via.placeholder.com/640x480.png/003377?text=illum"
"2265","101","Barre","Margot","barbier.adrien","lejeune.chantal@bouygtel.fr","+33 (0)7 35 21 45 56","[""ROLE_USER""]","5078fe4b799a769743bee50dc1e2043dd55fdbb0b916a252b5359c208cce1cc9","0","https://via.placeholder.com/640x480.png/003344?text=iure"
"2266","104","Chauvet","Jacques","lucie.hamon","joseph83@noos.fr","+33 (0)8 91 21 93 47","[""ROLE_USER""]","8159178f2264d2bfb02a430c1e5465bcd12688c9a02f31f54268c210bcbabb4f","1","https://via.placeholder.com/640x480.png/0099cc?text=ratione"
"2267","104","Laroche","Rémy","carpentier.nath","celine29@bouygtel.fr","0699226232","[""ROLE_USER""]","7a953fcad6a2694bab5807387ceddf12edb85ad0e4ce7febd32d8f0a114ea56f","1","https://via.placeholder.com/640x480.png/0033bb?text=aspernatur"
"2268","104","Olivier","David","blegoff","veronique43@free.fr","0908993059","[""ROLE_USER""]","4fa6d694e4a2486a783dad5cb8123a8ff14cbdc6326ff4b4a41b4908fbb93907","0","https://via.placeholder.com/640x480.png/003377?text=sint"
"2269","105","Labbe","Thierry","mendes.andree","agathe.valette@tele2.fr","+33 3 18 68 68 67","[""ROLE_USER""]","1d5a21e19d4f0ba8ed2935674e5a9c8ad541cf49842b0dd2c54ac84a6f86146e","1","https://via.placeholder.com/640x480.png/0011dd?text=sunt"
"2270","102","De Oliveira","Élise","rossi.yves","hcoulon@live.com","03 76 27 99 13","[""ROLE_USER""]","bc2a01f9d78a64f8ea12b9abdd828c1d87d8e04e6ce46c5fedb8f1cf0b360e2b","1","https://via.placeholder.com/640x480.png/001166?text=facilis"
"2271","104","Picard","Margot","margot.buisson","henriette61@fouquet.com","01 71 36 25 49","[""ROLE_USER""]","9c4d238bad1bc69c7211dd9cb0b39087902b8629579ee04c78db98bea894593b","0","https://via.placeholder.com/640x480.png/005555?text=id"
"2272","105","Mercier","Antoinette","martins.nathalie","nbecker@marin.com","04 38 13 22 79","[""ROLE_USER""]","f13835e077b6d59841308ec062423e4fcadd8bcb3fb23a5d809b3e7295feae55","0","https://via.placeholder.com/640x480.png/00ffbb?text=quis"
"2273","105","Lelievre","Joséphine","charpentier.corinne","luc25@voila.fr","0331798177","[""ROLE_USER""]","95175ed7e14a882e7f193ffd5fbaa616b4f3fd2996008bfd91974f0b7db75471","1","https://via.placeholder.com/640x480.png/002200?text=repudiandae"
"2274","105","Riou","Bertrand","marcel.pierre","muller.benoit@charpentier.fr","0805514174","[""ROLE_USER""]","729337880cebcacb06bdfbfa90b947277fdd756d8a50c25e53ee5ab8d4fe2b0a","0","https://via.placeholder.com/640x480.png/00dd55?text=qui"
"2275","104","Martinez","Émile","camille82","gchartier@dbmail.com","+33 (0)1 17 54 73 51","[""ROLE_USER""]","67448084d7d961ecaaa2fd82f2baebfbff0a95ba3f5333f2f73ac91894aca0a0","0","https://via.placeholder.com/640x480.png/00eedd?text=ad"
"2276","103","Evrard","Agnès","audrey.legendre","fmarin@tele2.fr","+33 8 00 35 96 93","[""ROLE_USER""]","e8e0f818242f6b10ec072e2b240a918c78d36cf94dc4ed779cefb8fe72e6807a","0","https://via.placeholder.com/640x480.png/000077?text=eius"
"2277","101","Deschamps","Dominique","lucie34","elelievre@delmas.com","+33 4 08 06 41 48","[""ROLE_USER""]","770e765603f9902117626de2419cd4d3e6c7e91f09e72704078ad6991f07e916","1","https://via.placeholder.com/640x480.png/00cc44?text=eos"
"2278","105","Ribeiro","Adèle","laurence.legoff","andre.besnard@ifrance.com","06 39 33 84 98","[""ROLE_USER""]","c7817549ead993b0a5d1ff1f6ffd1b793839b6f50ed3fee4c6e4e6cd73cf4292","1","https://via.placeholder.com/640x480.png/002211?text=non"
"2279","101","Girard","Josette","francoise.rey","theodore.gonzalez@pichon.fr","+33 7 50 96 58 37","[""ROLE_USER""]","e3191c409c559fbfe5e582ec051e72356820b3cae1a1503bb303807ef2357b54","1","https://via.placeholder.com/640x480.png/0077aa?text=deserunt"
"2280","102","Lombard","Colette","poulain.bertrand","foucher.henriette@sfr.fr","04 73 98 94 40","[""ROLE_USER""]","adf84a8fd75c0554d2f589cd9df8b5a3e4d64256e98d29a963c4d494c8d870ad","1","https://via.placeholder.com/640x480.png/0022ee?text=iste"
"2281","103","Delannoy","Léon","clevy","andre63@yahoo.fr","0357559415","[""ROLE_USER""]","2cec6d0491222a43f902b5ecdb2fe693e40394cf966a644aa0ba02fa948d6ddc","1","https://via.placeholder.com/640x480.png/00ccbb?text=dolore"
"2282","103","Gaillard","Nicolas","gilbert40","barbier.charles@morvan.com","+33 (0)6 71 13 05 22","[""ROLE_USER""]","8c43accedf656aaded23653179cb609edc712c3ace49a459112cb6071d67bab9","0","https://via.placeholder.com/640x480.png/00ffaa?text=nihil"
"2283","104","Hoareau","Océane","jbonnin","barbe.daniel@dufour.fr","0175984767","[""ROLE_USER""]","6e48def1cdd8c519784420b3f41b9b4414e3244adeeb78f6d175d2c7c906c870","0","https://via.placeholder.com/640x480.png/00dd77?text=corporis"
"2284","101","Foucher","Thibault","madeleine.gilbert","duhamel.benjamin@caron.com","+33 3 61 96 02 98","[""ROLE_USER""]","6781512d1a395b445fc54767396569aebfcc0c1582b1b7a58aba5ee8360d820b","1","https://via.placeholder.com/640x480.png/00aa22?text=rerum"
"2285","103","Rousset","Émile","bruneau.zoe","gabrielle.dupont@live.com","+33 (0)1 62 53 99 47","[""ROLE_USER""]","2dd5729fadc6f0e56c73d1a50afb658f83bb8e96de32cd50ccb929432cd37b56","0","https://via.placeholder.com/640x480.png/002233?text=dolorum"
"2286","104","Lesage","Jacqueline","victor48","dacosta.lucie@wanadoo.fr","+33 4 25 28 37 02","[""ROLE_USER""]","44f6dd4cd52f2057155534bd4d55cc748e45ea5e1db9f82a8410bda4cc5639c6","0","https://via.placeholder.com/640x480.png/00ff88?text=aliquid"
"2287","104","Dupuis","Augustin","leger.margaud","martin90@sfr.fr","0929940364","[""ROLE_USER""]","454f2c0e036d2ef69de349c91821e753b3156673513e57e15f1b4b1437f0af85","1","https://via.placeholder.com/640x480.png/00bbee?text=similique"
"2288","101","Marie","Isaac","jean91","zguillon@gmail.com","0143231070","[""ROLE_USER""]","b1e14866f41da2ce9658d32440c80c6315d816de4729c7cd8f2b6298b6a05f85","1","https://via.placeholder.com/640x480.png/00ee77?text=et"
"2289","104","Lemaitre","Emmanuel","nicolas.marchand","coste.noel@marechal.com","+33 (0)9 54 90 99 15","[""ROLE_USER""]","bd2aabe241de64078f4b95b3806f183e0ca4d27481915ea690893666a2fa9083","1","https://via.placeholder.com/640x480.png/0011ee?text=unde"
"2290","105","Dufour","Gilles","lemonnier.franck","nperrier@peron.org","0471268126","[""ROLE_USER""]","f9d32729783eefda460431ead0c4f29fd1ffdd34fca55f8fc22e588e187fc334","0","https://via.placeholder.com/640x480.png/0044ee?text=soluta"
"2291","102","Descamps","Théophile","coulon.roland","nathalie74@voila.fr","+33 (0)7 99 64 03 18","[""ROLE_USER""]","002813545a0f0480977e914fd5611ea750df7ddf4e1026c7c9b449a07349c775","0","https://via.placeholder.com/640x480.png/0044dd?text=sint"
"2292","101","Maillard","Françoise","thomas.chretien","sylvie00@orange.fr","+33 (0)7 67 33 24 11","[""ROLE_USER""]","233c6749fcfc68f95c5d6d24c8ae5cac0029bc28a4c73736426f0fe6a86bc87f","0","https://via.placeholder.com/640x480.png/006688?text=dicta"
"2293","102","Duhamel","Sabine","afontaine","zfournier@tiscali.fr","+33 (0)2 80 41 78 22","[""ROLE_USER""]","d6b5d3a922178ec060d1ce310fafeac0c6d77fedcb0d936c08feb33c1402df6a","1","https://via.placeholder.com/640x480.png/00bb55?text=et"
"2294","105","Dupuis","Henriette","perrier.noel","zoe60@club-internet.fr","+33 7 90 51 84 29","[""ROLE_USER""]","028233be586b6884aa8475363707c8d1f16c2ff17fc5a853e63371b61fdfbc3f","1","https://via.placeholder.com/640x480.png/00aabb?text=mollitia"
"2295","105","Le Goff","Virginie","flagarde","astrid80@gaudin.com","08 02 79 27 91","[""ROLE_USER""]","efc4e7a77d909f792266306e77cc789e1be8f17aa2bd8d497cf8aa9823a29ce6","1","https://via.placeholder.com/640x480.png/00cc33?text=reprehenderit"
"2296","104","Masson","Charles","fontaine.remy","honore.lejeune@thibault.net","+33 (0)9 50 66 15 19","[""ROLE_USER""]","c1b8840e6f5a478ce9e6d2f26babac29a32fcb0b9f2a2e4c6da257a937c231a0","1","https://via.placeholder.com/640x480.png/005599?text=exercitationem"
"2297","103","Boulay","Robert","catherine.texier","theophile71@noos.fr","+33 8 14 80 95 37","[""ROLE_USER""]","aba8540c9a40310f6f14385a7b6477ebb95a53351e139db2bf9ec5f3cf04a452","0","https://via.placeholder.com/640x480.png/00dddd?text=quia"
"2298","102","Hubert","Joseph","elodie.rousseau","nicolas.hugues@bonnin.org","0324380075","[""ROLE_USER""]","ebe3150ec31bc06a688c04f8e1f624545aee24e82822693b39cd2091430128b6","0","https://via.placeholder.com/640x480.png/00bb55?text=quibusdam"
"2299","105","Lemonnier","Patricia","bazin.marcelle","lguichard@free.fr","02 91 52 78 35","[""ROLE_USER""]","c298c7b0b6134664e40533d5df05745dac29b6792d2ec404c165a6f19029ea05","1","https://via.placeholder.com/640x480.png/003344?text=autem"
"2300","104","Moreno","Julien","zpineau","bertrand.claude@duval.fr","0497868258","[""ROLE_USER""]","e1c3ff1935ce5cb8c9c260ba9289e7316ef4320a3276c4b9fc11c4ba4a5adb20","0","https://via.placeholder.com/640x480.png/00bb66?text=quas"
"2301","105","Laine","Joseph","andre24","delahaye.paul@gmail.com","06 48 11 87 54","[""ROLE_USER""]","60befbdaec91f9e0c8292dcc1b61c0e71352c6f155460964bd42850888ee8b4e","0","https://via.placeholder.com/640x480.png/0022ff?text=molestiae"
"2302","104","Lopez","Adélaïde","thomas79","merle.maggie@delahaye.fr","06 20 08 69 69","[""ROLE_USER""]","de9cfb28856429f2e6a818ddab97791c511cea3c232c160de764e3c48089179b","0","https://via.placeholder.com/640x480.png/005555?text=aut"
"2303","104","Leroy","Étienne","ebruneau","loiseau.yves@bouygtel.fr","+33 6 08 66 44 53","[""ROLE_USER""]","f22b2a0615c91b0b2921fb8c66f680c0d5b676791258ccf72c7c6cb2deee7f25","0","https://via.placeholder.com/640x480.png/00aaee?text=eveniet"
"2304","104","Marion","Clémence","catherine.buisson","michele13@noos.fr","+33 8 91 66 23 61","[""ROLE_USER""]","3386c21d54efedcdb7b6ce7d69575cb2a69ab3d365318529d3c8ca2f5fed6c33","0","https://via.placeholder.com/640x480.png/001166?text=quis"
"2305","103","Vasseur","Bernadette","pierre.olivier","lombard.aurelie@orange.fr","+33 (0)6 89 88 53 12","[""ROLE_USER""]","6e2b75cd8dbcc49be8f3de75568aa8554e9ea5ad4613b80fe9a5829ddb6b73ba","1","https://via.placeholder.com/640x480.png/0033aa?text=consequatur"
"2306","102","Sauvage","Madeleine","eloiseau","honore.petit@free.fr","0382418164","[""ROLE_USER""]","53ac448cfc18e67543f89a78bc2ae3d4ecbd04eaab1b4dc6eb2f3ba2ce0ec9c2","0","https://via.placeholder.com/640x480.png/005533?text=temporibus"
"2307","104","Michaud","Céline","laurent.aubert","alphonse.coste@bonnin.net","+33 1 85 54 48 14","[""ROLE_USER""]","12b2366a2bd29809af0f767aba0090bf9ca3669be9a110cdd52f0185012a00bd","0","https://via.placeholder.com/640x480.png/0088ff?text=nulla"
"2308","101","Teixeira","Dominique","bourgeois.monique","brunet.paulette@michel.fr","0806922981","[""ROLE_USER""]","118215e76bb89cb333dd2f0197d0fa1c58d65aa2ca5920db304e8d13c6b687f4","0","https://via.placeholder.com/640x480.png/00aaee?text=qui"
"2309","102","mat","cle","clemat","cle@mat.fr","0688981400","[""ROLE_ADMIN""]","$argon2id$v=19$m=65536,t=4,p=1$TmxwRFNmSUxrVXNka3h5TQ$dq16zeMwTY1aWLdpsaRPxszXT9cyUwoIkKOGjVB3FTU","1",NULL
